{
	"1-1" : 0.19937467270277742,
	"1-2" : 0.27777681077110583,
	"1-3" : 0.3062731159491282,
	"1-4" : 0.2038753980406675,
	"1-5" : 0.17838786504985346,
	"1-6" : 0.2834710986295414,
	"1-7" : 0.3060990547482153,
	"1-8" : 0.2941385636569162,
	"1-9" : 0.29408883188522683,
	"1-10" : 0.29811710539206765,
	"1-11" : 0.20618792542422432,
	"1-12" : 0.18147123489459585,
	"1-13" : 0.2912789867847761,
	"1-14" : 0.3132604298714879,
	"1-15" : 0.2930444646797496,
	"1-16" : 0.2939645024560033,
	"1-17" : 0.29669974989891995,
	"1-18" : 0.2024829084333645,
	"1-19" : 0.17217139358867933,
	"1-20" : 0.2741215255519355,
	"1-21" : 0.30279189193087064,
	"1-22" : 0.29679921344229876,
	"1-23" : 0.3024189036432002,
	"1-24" : 0.29441208840120786,
	"1-25" : 0.20365160506806523,
	"1-26" : 0.18460433651102764,
	"1-27" : 0.2874745062505375,
	"1-28" : 0.2991614725975449,
	"1-29" : 0.2829986467984921,
	"1-30" : 0.28971243597656027,
	"1-31" : 0.29448668605874195,
	"2-1" : 0.20404945924158038,
	"2-2" : 0.1806506606617209,
	"2-3" : 0.2940391001135374,
	"2-4" : 0.3112960248897569,
	"2-5" : 0.29625216395371545,
	"2-6" : 0.2935915141683329,
	"2-7" : 0.3045076380541547,
	"2-8" : 0.20213478603153875,
	"2-9" : 0.17555315406355806,
	"2-10" : 0.2955559191500639,
	"2-11" : 0.30612392063405997,
	"2-12" : 0.3022199765564426,
	"2-13" : 0.28307324445602616,
	"2-14" : 0.3106743777436395,
	"2-15" : 0.20864964812284925,
	"2-16" : 0.1805014653466527,
	"2-17" : 0.27710543185329906,
	"2-18" : 0.3066212383509539,
	"2-19" : 0.29669974989891995,
	"2-20" : 0.30192158592630625,
	"2-21" : 0.298092239506223,
	"2-22" : 0.20014551516396303,
	"2-23" : 0.17634886241058836,
	"2-24" : 0.28896645940121934,
	"2-25" : 0.3056266029171661,
	"2-26" : 0.29669974989891995,
	"2-27" : 0.29480994257472304,
	"2-28" : 0.29020975369345414,
    "2-29" : 0.27456911149714,
	"3-1" : 0.20355214152468645,
	"3-2" : 0.1807003924334103,
	"3-3" : 0.2932433917665071,
	"3-4" : 0.3000069127162646,
	"3-5" : 0.3015983294103252,
	"3-6" : 0.3001063762596434,
	"3-7" : 0.2992609361409237,
	"3-8" : 0.2024083107758304,
	"3-9" : 0.1688144989996453,
	"3-10" : 0.28894159351537463,
	"3-11" : 0.30047936454731383,
	"3-12" : 0.2938899047984692,
	"3-13" : 0.2890161911729087,
	"3-14" : 0.2944369542870525,
	"3-15" : 0.20091635762514862,
	"3-16" : 0.17338982199506947,
	"3-17" : 0.29679921344229876,
	"3-18" : 0.30413464976648424,
	"3-19" : 0.2972219335016586,
	"3-20" : 0.3050049557710486,
	"3-21" : 0.2980673736203783,
	"3-22" : 0.2016374683146448,
	"3-23" : 0.17771648613204669,
	"3-24" : 0.2870020544194883,
	"3-25" : 0.3068947630952456,
	"3-26" : 0.2936412459400223,
	"3-27" : 0.293989368341848,
	"3-28" : 0.2916768409582913,
	"3-29" : 0.20273156729181147,
	"3-30" : 0.17940736636948604,
	"3-31" : 0.2862312119583027,
	"4-1" : 0.2911795232413973,
	"4-2" : 0.2984652277938934,
	"4-3" : 0.2979927759628442,
	"4-4" : 0.3063228477208176,
	"4-5" : 0.19708701120506533,
	"4-6" : 0.17721916841515276,
	"4-7" : 0.2861566143007686,
	"4-8" : 0.3030405507893176,
	"4-9" : 0.29528239440577225,
	"4-10" : 0.2990371431683214,
	"4-11" : 0.29883821608156386,
	"4-12" : 0.19842976904067897,
	"4-13" : 0.17856192625076636,
	"4-14" : 0.296202432182026,
	"4-15" : 0.3052038828578062,
	"4-16" : 0.2948596743464124,
	"4-17" : 0.3001312421454881,
	"4-18" : 0.2768070412231627,
	"4-19" : 0.19000023373932678,
	"4-20" : 0.1710026969539786,
	"4-21" : 0.29003569249254124,
	"4-22" : 0.31151981786235916,
	"4-23" : 0.2987387525381851,
	"4-24" : 0.30281675781671535,
	"4-25" : 0.2936909777117117,
	"4-26" : 0.19765892657949335,
	"4-27" : 0.17863652390830045,
	"4-28" : 0.2904584125519011,
	"4-29" : 0.3013994023235676,
	"4-30" : 0.2882204828258784,
	"5-1" : 0.30863537510437433,
	"5-2" : 0.298664154880651,
	"5-3" : 0.19930007504524336,
	"5-4" : 0.1783132673923194,
	"5-5" : 0.29311906233728363,
	"5-6" : 0.3105003165427266,
	"5-7" : 0.30154859763863584,
	"5-8" : 0.30251836718657893,
	"5-9" : 0.2971224699582798,
	"5-10" : 0.20141367534204255,
	"5-11" : 0.17766675436035728,
	"5-12" : 0.29020975369345414,
	"5-13" : 0.299807985629507,
	"5-14" : 0.30420924742401834,
	"5-15" : 0.30801372795825693,
	"5-16" : 0.3000069127162646,
	"5-17" : 0.2001952469356524,
	"5-18" : 0.1790343780818156,
	"5-19" : 0.29652568869800705,
	"5-20" : 0.3196260966477303,
	"5-21" : 0.311942537921719,
	"5-22" : 0.314155601761897,
	"5-23" : 0.3140810041043629,
	"5-24" : 0.21026593070275454,
	"5-25" : 0.18383349404984203,
	"5-26" : 0.19039808791284193,
	"5-27" : 0.3105749142002607,
	"5-28" : 0.3334763950632263,
	"5-29" : 0.31711464217741586,
	"5-30" : 0.30478116279844636,
	"5-31" : 0.21041512601782272,
	"6-1" : 0.18584763080326247,
	"6-2" : 0.29553105326421925,
	"6-3" : 0.3045076380541547,
	"6-4" : 0.3063477136066623,
	"6-5" : 0.3047562969126017,
	"6-6" : 0.29752032413179497,
	"6-7" : 0.20300509203610312,
	"6-8" : 0.18298805393112236,
	"6-9" : 0.2955559191500639,
	"6-10" : 0.3111468295746887,
	"6-11" : 0.300628559862382,
	"6-12" : 0.30938135167971526,
	"6-13" : 0.28971243597656027,
	"6-14" : 0.2038753980406675,
	"6-15" : 0.18338590810463753,
	"6-16" : 0.3000815103737987,
	"6-17" : 0.312191196780166,
	"6-18" : 0.31142035431898035,
	"6-19" : 0.3037865273646585,
	"6-20" : 0.31161928140573797,
	"6-21" : 0.20636198662513716,
	"6-22" : 0.18435567765258065,
	"6-23" : 0.29687381109983285,
	"6-24" : 0.3158962137710257,
	"6-25" : 0.31079870717286295,
	"6-26" : 0.3138323452459159,
	"6-27" : 0.30425897919570777,
	"6-28" : 0.2098929424150841,
	"6-29" : 0.18806069464344047,
	"6-30" : 0.3044330403966206,
	"7-1" : 0.33755440034175654,
	"7-2" : 0.3278069730906354,
	"7-3" : 0.3243257490723779,
	"7-4" : 0.23070568886709517,
	"7-5" : 0.19340686010005023,
	"7-6" : 0.18818502407266396,
	"7-7" : 0.32420141964315446,
	"7-8" : 0.33568945890340424,
	"7-9" : 0.3127382462687493,
	"7-10" : 0.3268869353143817,
	"7-11" : 0.31577188434180226,
	"7-12" : 0.21508991255662568,
	"7-13" : 0.18962724545165638,
	"7-14" : 0.30818778915916983,
	"7-15" : 0.32840375435090813,
	"7-16" : 0.320297475565537,
	"7-17" : 0.31870605887147646,
	"7-18" : 0.30930675402218116,
	"7-19" : 0.21683052456575447,
	"7-20" : 0.18816015818681925,
	"7-21" : 0.3107489754011736,
	"7-22" : 0.3291994626979384,
	"7-23" : 0.3155978231408894,
	"7-24" : 0.3214910380860825,
	"7-25" : 0.3148518465655485,
	"7-26" : 0.21732784228264837,
	"7-27" : 0.1945009590772169,
	"7-28" : 0.31161928140573797,
	"7-29" : 0.3295227192139195,
	"7-30" : 0.31708977629157115,
	"7-31" : 0.31512537130984014,
	"8-1" : 0.31783575286691207,
	"8-2" : 0.21916791783515593,
	"8-3" : 0.1909451374014253,
	"8-4" : 0.31109709780299927,
	"8-5" : 0.333575858606605,
	"8-6" : 0.3207699273965863,
	"8-7" : 0.3270361306294498,
	"8-8" : 0.3204466708806052,
	"8-9" : 0.22274860539679225,
	"8-10" : 0.19474961793566384,
	"8-11" : 0.3130366368988856,
	"8-12" : 0.33352612683491567,
	"8-13" : 0.31870605887147646,
	"8-14" : 0.32402735844224156,
	"8-15" : 0.32445007850160135,
	"8-16" : 0.22093339573012938,
	"8-17" : 0.19353118952927373,
	"8-18" : 0.31286257569797277,
	"8-19" : 0.3281799613783059,
	"8-20" : 0.32740911891712027,
	"8-21" : 0.3270609965152945,
	"8-22" : 0.320546134423984,
	"8-23" : 0.22160477464793618,
	"8-24" : 0.18972670899503513,
	"8-25" : 0.3069942266386244,
	"8-26" : 0.3301692322458816,
	"8-27" : 0.32606636108150666,
	"8-28" : 0.3336504562641391,
	"8-29" : 0.3257182386796809,
	"8-30" : 0.22128151813195512,
	"8-31" : 0.19604264399958807,
	"9-1" : 0.19999631984889482,
	"9-2" : 0.32502199387602937,
	"9-3" : 0.34471577546502913,
	"9-4" : 0.3370819485107073,
	"9-5" : 0.3346202258120823,
	"9-6" : 0.21896899074839835,
	"9-7" : 0.19320793301329267,
	"9-8" : 0.3168659833189689,
	"9-9" : 0.3388971581773701,
	"9-10" : 0.32897566972533615,
	"9-11" : 0.3009766822642078,
	"9-12" : 0.333575858606605,
	"9-13" : 0.22138098167533393,
	"9-14" : 0.2016374683146448,
	"9-15" : 0.3237041019262605,
	"9-16" : 0.3396928665244004,
	"9-17" : 0.33173578305409746,
	"9-18" : 0.3344710304970141,
	"9-19" : 0.3264642152550218,
	"9-20" : 0.22881588154289823,
	"9-21" : 0.19897681852926227,